<?xml version="1.0" encoding="UTF-8"?>
<configurationDescriptor version="95">
  <logicalFolder name="root" displayName="root" projectFiles="true" kind="ROOT">
    <logicalFolder name="HeaderFiles"
                   displayName="Header Files"
                   projectFiles="true">
      <itemPath>array.h</itemPath>
      <itemPath>arraydefs.h</itemPath>
      <itemPath>navigation.h</itemPath>
      <itemPath>observer.h</itemPath>
      <itemPath>observer_funs.h</itemPath>
      <itemPath>sighting.h</itemPath>
      <itemPath>sighting_funs.h</itemPath>
      <itemPath>sighting_group.h</itemPath>
    </logicalFolder>
    <logicalFolder name="ResourceFiles"
                   displayName="Resource Files"
                   projectFiles="true">
      <itemPath>cetaceans1</itemPath>
      <itemPath>cetaceans2</itemPath>
      <itemPath>cetaceans3</itemPath>
      <itemPath>cetaceans4</itemPath>
      <itemPath>cetaceans5</itemPath>
      <itemPath>cetaceans6</itemPath>
      <itemPath>observers1</itemPath>
      <itemPath>observers2</itemPath>
      <itemPath>observers3</itemPath>
      <itemPath>observers4</itemPath>
      <itemPath>observers5</itemPath>
      <itemPath>observers6</itemPath>
    </logicalFolder>
    <logicalFolder name="SourceFiles"
                   displayName="Source Files"
                   projectFiles="true">
      <itemPath>main.c</itemPath>
      <itemPath>navigation.c</itemPath>
      <itemPath>observer.c</itemPath>
      <itemPath>sighting.c</itemPath>
    </logicalFolder>
    <logicalFolder name="TestFiles"
                   displayName="Test Files"
                   projectFiles="false"
                   kind="TEST_LOGICAL_FOLDER">
    </logicalFolder>
    <logicalFolder name="ExternalFiles"
                   displayName="Important Files"
                   projectFiles="false"
                   kind="IMPORTANT_FILES_FOLDER">
      <itemPath>Makefile</itemPath>
    </logicalFolder>
  </logicalFolder>
  <projectmakefile>Makefile</projectmakefile>
  <confs>
    <conf name="Debug" type="1">
      <toolsSet>
        <compilerSet>default</compilerSet>
        <dependencyChecking>true</dependencyChecking>
        <rebuildPropChanged>false</rebuildPropChanged>
      </toolsSet>
      <compileType>
        <linkerTool>
          <linkerLibItems>
            <linkerLibStdlibItem>Mathematics</linkerLibStdlibItem>
            <linkerLibFileItem>/aber/dap/cetaceans/libnavigation.a</linkerLibFileItem>
          </linkerLibItems>
        </linkerTool>
      </compileType>
      <item path="array.h" ex="false" tool="3" flavor2="0">
      </item>
      <item path="arraydefs.h" ex="false" tool="3" flavor2="0">
      </item>
      <item path="cetaceans1" ex="false" tool="3" flavor2="0">
      </item>
      <item path="cetaceans2" ex="false" tool="3" flavor2="0">
      </item>
      <item path="cetaceans3" ex="false" tool="3" flavor2="0">
      </item>
      <item path="cetaceans4" ex="false" tool="3" flavor2="0">
      </item>
      <item path="cetaceans5" ex="false" tool="3" flavor2="0">
      </item>
      <item path="cetaceans6" ex="false" tool="3" flavor2="0">
      </item>
      <item path="main.c" ex="false" tool="0" flavor2="0">
      </item>
      <item path="navigation.c" ex="false" tool="0" flavor2="0">
      </item>
      <item path="navigation.h" ex="false" tool="3" flavor2="0">
      </item>
      <item path="observer.c" ex="false" tool="0" flavor2="0">
      </item>
      <item path="observer.h" ex="false" tool="3" flavor2="0">
      </item>
      <item path="observer_funs.h" ex="false" tool="3" flavor2="0">
      </item>
      <item path="observers1" ex="false" tool="3" flavor2="0">
      </item>
      <item path="observers2" ex="false" tool="3" flavor2="0">
      </item>
      <item path="observers3" ex="false" tool="3" flavor2="0">
      </item>
      <item path="observers4" ex="false" tool="3" flavor2="0">
      </item>
      <item path="observers5" ex="false" tool="3" flavor2="0">
      </item>
      <item path="observers6" ex="false" tool="3" flavor2="0">
      </item>
      <item path="sighting.c" ex="false" tool="0" flavor2="0">
      </item>
      <item path="sighting.h" ex="false" tool="3" flavor2="0">
      </item>
      <item path="sighting_funs.h" ex="false" tool="3" flavor2="0">
      </item>
      <item path="sighting_group.h" ex="false" tool="3" flavor2="0">
      </item>
    </conf>
    <conf name="Release" type="1">
      <toolsSet>
        <compilerSet>default</compilerSet>
        <dependencyChecking>true</dependencyChecking>
        <rebuildPropChanged>false</rebuildPropChanged>
      </toolsSet>
      <compileType>
        <cTool>
          <developmentMode>5</developmentMode>
        </cTool>
        <ccTool>
          <developmentMode>5</developmentMode>
        </ccTool>
        <fortranCompilerTool>
          <developmentMode>5</developmentMode>
        </fortranCompilerTool>
        <asmTool>
          <developmentMode>5</developmentMode>
        </asmTool>
      </compileType>
      <item path="array.h" ex="false" tool="3" flavor2="0">
      </item>
      <item path="arraydefs.h" ex="false" tool="3" flavor2="0">
      </item>
      <item path="cetaceans1" ex="false" tool="3" flavor2="0">
      </item>
      <item path="cetaceans2" ex="false" tool="3" flavor2="0">
      </item>
      <item path="cetaceans3" ex="false" tool="3" flavor2="0">
      </item>
      <item path="cetaceans4" ex="false" tool="3" flavor2="0">
      </item>
      <item path="cetaceans5" ex="false" tool="3" flavor2="0">
      </item>
      <item path="cetaceans6" ex="false" tool="3" flavor2="0">
      </item>
      <item path="main.c" ex="false" tool="0" flavor2="0">
      </item>
      <item path="navigation.c" ex="false" tool="0" flavor2="0">
      </item>
      <item path="navigation.h" ex="false" tool="3" flavor2="0">
      </item>
      <item path="observer.c" ex="false" tool="0" flavor2="0">
      </item>
      <item path="observer.h" ex="false" tool="3" flavor2="0">
      </item>
      <item path="observer_funs.h" ex="false" tool="3" flavor2="0">
      </item>
      <item path="observers1" ex="false" tool="3" flavor2="0">
      </item>
      <item path="observers2" ex="false" tool="3" flavor2="0">
      </item>
      <item path="observers3" ex="false" tool="3" flavor2="0">
      </item>
      <item path="observers4" ex="false" tool="3" flavor2="0">
      </item>
      <item path="observers5" ex="false" tool="3" flavor2="0">
      </item>
      <item path="observers6" ex="false" tool="3" flavor2="0">
      </item>
      <item path="sighting.c" ex="false" tool="0" flavor2="0">
      </item>
      <item path="sighting.h" ex="false" tool="3" flavor2="0">
      </item>
      <item path="sighting_funs.h" ex="false" tool="3" flavor2="0">
      </item>
      <item path="sighting_group.h" ex="false" tool="3" flavor2="0">
      </item>
    </conf>
  </confs>
</configurationDescriptor>
